ols,forest ( the best),nn
5.650347565,5.217089163,3.089671546
0.81758904,1.535251237,1.756349089
3.044106622,2.534978173,4.573084803
3.85767465,2.732323245,7.104970088
8.416675349,3.796196869,8.26696213
3.547843101,5.322673585,6.813737307
-3.117217274,-3.811193299,-3.475617428
-4.369245275,-0.13054926,0.518870104
4.31561354,4.828110842,11.09593788
-1.052261879,-0.387573679,-5.691677285
3.724215796,4.522703929,2.356596169
3.949582727,3.832980639,2.193118525
-0.736945248,-1.184628275,0.813378595
2.85091988,3.529994994,1.527291103
-1.373792024,-0.436634268,0.776355854
0.20762028,0.306828982,-2.039959653
4.702826252,4.383458498,5.754957859
-0.294699871,-0.244815801,2.528321418
2.419254237,4.121833364,2.652244466
-1.428721796,-0.309723657,4.946713239
-1.634493125,0.115226082,-1.374220807
2.243215795,3.401903388,8.006004279
6.829827016,5.624235551,7.962398372
4.233072699,3.753932891,12.42385192
8.405157903,6.730996837,8.297211435
-4.835758475,-0.979515251,-0.883245439
4.595353396,4.545524862,5.283548288
-1.400882545,-1.311005353,0.620087062
-1.793644502,-3.634878075,-1.74946084
-3.275282264,-1.875884281,2.280568717
-3.77291829,-2.737406375,-0.482397836
-1.737173677,-3.084190444,-4.348396571
4.538686012,3.934319756,7.239175991
-6.902783425,-3.887383349,-4.532116936
-4.055819626,-2.881434882,-3.862256061
3.083734558,0.375676676,2.155595389
7.560539525,6.078679116,5.539827465
5.603109976,4.575278588,5.564812442
1.588960905,2.061224824,-6.048901854
-0.393270392,-2.296252938,1.776815688
3.058432701,2.783887159,2.002690532
-2.127807552,-3.919192804,-0.161535668
3.411243456,3.282077927,4.496490505
9.464720342,6.291056753,5.61467811
3.584018805,2.083989536,7.123675835
-0.94772783,-0.373565785,2.378442731
-1.124872221,1.809870348,-0.65124263
-4.697570923,-3.108831403,-7.625140547
3.268249044,3.927203714,6.145482751
-1.243410141,0.554091818,9.678968124
-12.23242862,-5.518878388,-5.566225478
-2.091140034,-1.037902012,-3.621206408
-4.225144801,-3.294108275,-7.16349226
3.513807047,2.843508789,1.472874306
-5.010478127,-3.839533932,-2.002723741
-3.123893429,-0.27269206,-5.169174993
4.156748713,2.560321609,3.227237244
1.100564948,4.191018109,0.324548617
-3.035522408,-1.249782636,-5.586149809
2.717671364,1.298360277,0.258726238
0.991127115,1.649117677,-1.45703923
8.585397106,5.335029957,12.47750908
-0.228618303,1.479383914,-1.661394762
1.520091494,3.903061649,-1.94463319
7.291304161,5.034759484,5.644035326
9.96808742,7.467306117,8.854440975
2.240082249,1.387627087,4.346689088
-6.126496055,-3.946431797,-3.177043975
4.00240215,3.723661043,5.474106099
1.306775622,0.748541131,-0.960917446
-3.902412195,-1.556882917,-1.42810146
5.033388294,6.519967893,10.29606037
7.491677288,5.322444331,6.027685605
3.984351115,3.029488114,4.969888816
3.796353592,2.730749454,7.581212366
-1.931140508,-1.963785177,-2.209508711
1.222920367,0.53026424,1.787905959
-2.319809565,-2.404523351,0.67803325
4.439190682,1.852827046,3.422569366
-0.992216796,-1.956045624,-1.400620779
1.060541199,0.436990017,6.201808319
-0.545047288,0.020717917,3.791519854
-3.269282347,-0.178833766,0.451948861
0.004987244,-0.074408556,1.935309477
2.502320409,2.236423035,3.367333384
6.326589308,5.742855015,9.041899427
7.047653036,4.215296849,4.819197101
5.962616087,4.411349008,6.899698788
-1.057838999,0.805058818,1.293369142
-4.965691254,-3.369146539,-6.745593547
10.26501521,8.319878785,11.20439411
-1.844998935,-1.475501816,-3.36152024
3.418680786,1.668791193,6.857970029
-0.147271111,-0.736010291,-2.74164254
6.307098715,6.589852079,6.89017132
2.376747097,3.269122344,0.361411196
-2.981085921,-2.58938253,3.389439935
2.317153319,2.938319419,-0.337830754
0.707072975,1.224628562,0.295462513
2.130286605,1.216266199,1.597880035
3.558818821,3.35683953,2.26586916
-0.491808519,0.240839214,-1.685922161
-11.87930792,-6.603556283,-6.912499774
5.40915374,3.305623951,5.381265466
-2.667422194,-2.479113515,-4.286701404
2.573775963,3.292738593,4.280667092
5.371907169,3.372796833,4.740436334
3.047185734,3.710458567,-0.66988125
0.201147668,0.612831184,0.700461219
0.547342882,0.829579545,1.640571748
-3.755667882,-4.176399726,-3.199016756
5.421944102,5.045807239,7.447980766
5.803548346,5.286719396,5.935328819
-2.317437076,-1.902529305,-1.511878229
2.494380206,1.570058475,2.282364844
9.648334394,7.744390183,14.13493966
1.123325603,1.420383461,-2.305889672
2.549415732,2.68809147,-1.004894336
4.50399462,4.185333955,6.643398941
3.767026443,3.76284223,5.2717371
5.225151011,2.79652946,2.100235292
3.630530574,2.912051211,4.378527783
-5.987959106,-4.025089607,-3.795823473
1.63448181,2.036707319,0.420270515
-6.106017787,-1.519969229,-5.25017954
-1.683581779,-2.883596397,-4.147849587
3.164323687,4.035933678,3.229979528
2.854830078,1.391817057,5.179014726
1.76544042,0.002644597,-1.211468893
0.44313154,0.943602523,-1.756975097
-0.390850031,1.402332407,3.706234168
4.654116328,3.707715796,0.261978449
5.17043034,4.334812056,1.873933381
-3.533798826,-1.19931442,-4.986040206
3.856285836,2.485882214,2.396165133
2.208537453,1.649259357,6.216444327
6.072836668,3.034511425,4.342991653
-12.7057465,-5.604634681,-8.872903205
6.727677865,5.355499404,9.38619304
-2.098120937,-2.126523721,-4.16365281
0.730202589,0.729691258,0.01169687
0.611988632,1.629495209,4.995646687
1.456157222,1.558847187,-1.390097387
-1.922298794,-2.29620662,-3.431712076
7.503117135,6.467725377,9.129033711
-0.516267902,-1.069721807,1.307363253
-3.867167845,0.033905955,-4.090594342
4.513393089,3.673620394,6.854081956
-3.028893989,-2.807226837,-4.413935615
2.0297792,3.706878601,4.554893003
10.09246591,7.329830177,14.24321911
6.861530304,5.473889542,11.63781742
-7.03779556,-3.977055514,-9.680324381
-3.026450192,-1.708820273,-4.551245856
1.398639897,1.322182363,-1.153175451
-0.561900385,-0.413606065,-3.145022647
-1.240093089,-0.352302279,-1.462983012
-2.82824774,-2.083407611,-3.352296252
-4.244448715,-5.13781171,-5.206306667
5.179048637,3.625079794,9.323909095
-3.038646044,-1.726426336,-2.470088392
1.548617402,2.102219072,-2.117634857
1.197087743,2.3819356,4.086711082
-3.357686577,-3.918350832,1.05392704
0.693173863,-0.659891607,0.570258407
-4.208783771,-1.829132338,-4.399694731
-1.444721515,-0.15910349,-3.614132813
2.499835933,1.676156656,-0.504030223
0.584423619,-0.030500255,0.318029675
1.508823186,2.299636983,1.649073626
-1.623249318,0.527194788,2.473953417
-4.268023879,-1.795006237,-6.403465165
-0.726609598,-0.047911479,1.644155437
3.011858492,2.202121305,5.983785753
-0.109065766,-0.671532572,1.70465666
-1.849776197,-2.670620993,0.817687781
0.737215813,0.722044221,-1.310136689
3.011909919,1.231441297,9.555392193
1.638500646,0.784690562,8.555105162
-0.539016105,1.067824703,4.193588284
4.386538515,5.6489806,0.147223991
1.399573752,1.108196696,-1.84191629
1.985279588,2.135075008,3.751852608
-5.657215171,-5.034899004,-6.845380302
-2.944975394,0.792923939,-1.803215871
6.613540792,3.228894054,2.387268061
2.342657494,0.611945126,2.446774194
-3.547669071,-4.358770704,-7.450594059
9.792259541,7.283991937,12.75777277
-2.957859747,-2.079387144,-1.867259754
5.537094624,4.534042466,0.943857485
10.72748512,7.347401266,10.34016107
9.058184427,5.546723063,10.34337017
2.202951588,1.720196901,3.228780213
11.14678168,7.862676349,11.14970779
-1.287455159,0.275774664,-0.178999884
-2.946669919,-1.34658432,3.987221743
-3.283675296,-2.108172665,-3.924175499
8.880131433,6.29319054,12.51990108
5.553390709,3.499578227,1.556116426
0.044129275,2.429034098,-0.375762432
-4.289782984,-2.243501897,-4.010822332
-3.385587659,-0.059941208,2.05E-05
-7.221699824,-5.750282212,-6.063009216
4.355322785,4.718799652,-0.688038036
2.755899571,3.418689544,-0.657173215
0.201110333,-2.251052213,-1.12388328
-2.11648837,-3.29647281,-3.531622816
-0.47209667,-1.367612077,-2.106619788
0.903749225,-0.41217885,-0.36651843
-4.651138592,-4.321773335,-4.55661311
3.536406643,2.245051546,1.727561371
7.815265264,3.952097066,7.774355384
-6.945293337,-4.861511036,-10.61358468
1.318407679,2.143835968,1.207466292
-0.728957096,-2.894493548,0.865791712
5.623324632,4.464923283,4.465821467
0.79439404,1.050271303,-0.364271468
-2.163491892,-0.000351612,2.76133292
-0.992369417,-0.937717454,-2.837338085
-1.379703309,-2.049775592,-0.281634072
6.65522636,4.341952673,9.511072588
3.638746441,3.12927684,8.077014536
-0.24177739,-0.587803479,-4.552446805
5.830705198,4.128498845,7.585195928
-0.121268183,0.643300252,4.70095084
-5.895182097,-5.074855524,-4.9834597
-1.63287497,-2.767614545,-0.427569519
0.811569244,0.741506395,7.273048975
-0.442501964,0.327556657,-3.508090689
0.127198604,-0.628532182,-0.981199389
0.041085309,0.146652596,4.15601408
6.166861637,5.70327957,3.935626454
3.203808288,3.468853171,3.590147777
3.200251203,2.737842314,9.409081769
4.044248147,3.058507011,1.516281368
1.446465325,2.568822894,-0.453253523
-1.553558183,0.434297955,-3.439798858
2.672949412,0.98397286,5.330451843
1.019034321,3.368967398,5.065945827
0.64903808,2.942859326,1.563859698
2.962293192,1.979362581,8.926475562
2.535143918,4.205989131,1.115791193
0.047203608,1.094552699,-4.667069634
2.44739651,2.497004226,3.563683143
-0.575619408,1.973714271,-1.520136386
4.143391414,2.45837305,5.745769762
3.23394094,0.920297053,0.190124107
2.152000686,0.341145294,3.916078068
5.578449927,2.39974563,-1.003913802
6.087016893,3.846688878,6.334557444
-1.315346603,0.132553975,0.943446817
1.592777938,1.851329274,2.965099691
2.829337389,2.769689158,1.646145222
-5.432522854,-4.739629964,-5.252020653
-3.759100833,-1.788279783,3.947289319
1.330478059,1.033936077,3.698601168
-2.290947469,0.239790778,0.999972339
4.929105444,3.876741837,11.35304856
-1.917793721,1.296504428,-1.303501583
-2.150710472,-0.30422615,-1.321041163
2.851223576,2.231389128,0.42128014
0.906916409,-0.995918226,2.923329824
1.048719424,1.725127905,-2.920449519
7.425260212,7.727748862,5.95784612
-1.706598804,-3.749272528,1.057877972
3.547719258,0.782008482,3.82068416
-2.42373058,-2.704251794,3.049723822
-1.115772886,-3.072959751,2.231041484
-1.531984948,-2.141791603,-1.001791793
3.29962516,3.959183454,0.799001511
4.955574618,3.468762628,10.31257087
-3.664935489,0.528434899,2.544843913
-0.22657121,-0.361790621,3.295996121
2.372531554,0.884758486,3.336725542
3.888383475,5.476767007,16.80601889
-1.292668486,0.91119631,-4.164120228
3.863672025,3.291037384,-1.158158099
-2.409780722,-2.810668232,-3.243648441
2.881952548,2.068058546,-0.20152921
2.182787152,2.159731502,1.460307273
-7.437945996,-4.310646775,-5.900784938
0.803249232,2.399562123,-3.748793319
1.171561229,-0.58069078,0.416845634
2.984419612,4.061374361,-1.604103517
-2.706091503,-2.331429251,-2.91394977
-4.925949059,-3.038286524,-4.152695734
-0.305492635,-3.217541763,-7.055477763
5.489301897,3.457716718,4.841995299
3.025626811,1.446607284,3.079392087
5.526780399,5.286143113,1.513333721
1.163387564,-0.84061337,4.288992934
1.824039977,1.645301696,-0.352099283
0.663372354,0.311060715,-2.851997522
1.188636272,1.63706417,-2.006654588
-4.988393721,-2.680193069,-4.459142591
1.104386597,-1.167959608,-3.100521933
-2.154686262,-1.390003833,0.360821226
5.832911107,3.564221496,-0.883609606
-1.427385205,0.76718443,-1.670275986
-0.023605961,-1.03258286,-0.474405001
-2.48708277,-1.931375881,-1.674815498
5.659939906,3.640887361,3.884100059
2.494728287,1.463994526,5.898757943
1.178520525,-0.367715677,-1.528614951
4.913943434,2.942837383,6.198636297
5.230634262,5.439038638,3.494441405
3.503067934,2.833140402,3.620897404
6.177237946,4.249973723,5.565001547
3.566819163,0.431496407,3.771573993
1.325933655,1.320363344,4.545388533
2.748557886,0.413885164,-1.678835866
-3.835468333,-5.730880624,-1.282457016
0.9010814,0.99955704,1.032433911
-4.379599872,-1.79327535,-6.12958583
1.246205713,0.21353943,1.365125325
3.069663384,1.238507197,2.082208747
-1.670891049,-3.825744022,-1.991855108
-7.478052746,-4.04503953,-7.021859719
-3.493662541,-0.677192402,-2.587850756
1.930504852,2.221234263,3.436628125
-0.492774353,-0.826988302,1.085134434
6.713686744,5.355648982,6.888071724
3.972929427,1.560238204,6.310689966
-8.909637295,-5.726921643,-6.773294882
-1.417526477,0.68054051,-1.759025413
3.817740697,3.368985527,3.375882927
5.761866962,2.465471985,2.749222392
2.073325069,1.030726677,8.837932479
5.157206967,4.247630546,2.345461046
9.239813616,4.874682593,8.870805409
1.326036209,2.562585146,5.086382201
-4.292664087,-0.816735274,-3.072896832
-1.342313826,-2.348092441,-5.32996977
5.47937176,4.58436814,6.538256672
1.001358426,1.57417158,3.052203968
2.277991455,2.676369759,5.761495407
3.093735709,3.253711079,8.238097169
2.911665864,1.078916479,-1.28026805
2.626516583,1.214980018,2.390196542
-1.06774636,1.152294198,-7.056691693
2.99383565,2.998827872,7.264219821
-5.077524795,-2.716745741,-3.492064084
9.850881952,5.102612167,9.317050769
-4.241085381,-3.259139109,-4.989281944
4.087113763,2.887444634,0.687283602
3.114044953,3.486470529,5.055030755
5.96892215,3.914277138,2.869169969
0.040412781,1.500610571,-1.884530616
2.720003837,1.151043849,1.502052383
3.92897414,2.103663189,-0.069463543
-1.812750675,-2.253187311,-5.614551403
6.28845789,3.093529946,6.593444415
-2.24347861,-2.107483113,-3.642897797
-4.774073934,-3.281890224,-4.517752907
-8.199162736,-6.006957293,-4.071908362
-0.900451019,1.137921066,0.640879952
1.455894144,1.75224397,-5.098894965
-6.931177615,-4.292019457,-4.550662041
2.996124778,3.980757504,3.192248685
5.534866539,4.278723246,6.329864829
-2.778750874,-2.745449254,-3.649753176
1.0582899,1.19406491,0.006745545
-0.525379768,-0.844259862,6.051899644
7.032492658,5.85221636,8.139229366
-2.977410622,0.786698151,-6.637224696
8.741216782,6.861699222,7.934813113
0.263978404,0.915819154,-1.885501624
0.97006472,1.184716736,0.56237136
-2.626837954,-3.110140757,-5.438157314
1.952031331,2.817336522,-0.210045185
7.31083392,7.006578403,10.56322235
-10.58486384,-6.3733438,-13.24647894
1.572645563,-0.195703627,0.499212443
12.20931345,8.606936271,10.29591485
-2.922330366,-0.924608606,1.501511265
8.196263044,6.928362832,6.481509959
3.943470398,2.44981383,3.592967322
-0.52862987,-0.295116961,-1.32976932
2.816312171,3.804374015,5.379540252
0.271254797,0.267803164,0.222839782
4.66617611,3.75755612,4.112105764
5.595572619,4.04380632,5.221502817
0.179160873,1.021428305,-2.644589718
5.701932965,5.147958855,3.24945869
5.464838171,5.035626993,19.40727066
2.487990299,2.654891192,1.892085766
7.774712351,6.392463218,4.145394613
-0.27710365,-1.663024634,2.208945757
-2.70713537,-0.970493709,-1.095014607
-11.55387407,-4.712746524,-10.39518063
3.013462623,2.910317639,1.580578213
-4.460734654,-3.744446149,-10.00213503
2.155499515,-0.701149865,2.445229894
0.652641892,0.797374126,2.073161612
4.662644618,3.127885712,2.028797913
-1.910894995,-1.7981159,-5.015090045
4.804121278,3.773688091,13.0090704
5.771634382,6.601665729,7.129912185
-1.12466197,-0.692225026,2.147435151
-0.55926603,-0.641648276,12.58136433
1.567443747,2.042841587,7.136666292
9.873040847,7.565716708,11.02069732
-2.075339042,-0.259668152,-3.435276732
1.734129051,1.884329355,-0.590289212
-1.937757829,-1.350771784,-1.552024015
-7.017317017,-4.561915187,-5.815137941
0.566906276,-0.693354911,-3.088733027
-1.33655246,-1.293348821,-1.408337972
1.056305338,1.880709578,3.567765334
3.30081991,1.921443017,3.856106252
-2.516930443,-0.746531846,-0.581024281
-1.718990013,-1.355951078,-0.599468289
3.546776256,5.393762185,2.440937278
5.535394063,4.842762042,5.051410317
-0.441023532,1.4263569,-1.918641136
-0.887409346,-1.046396453,-4.649428201
4.296554465,1.698830915,3.115519252
3.542006667,2.393529369,6.199030238
2.978229288,3.351978123,-1.588735933
-4.658831107,-3.189956211,-7.85601421
4.497214927,2.960946783,7.99825408
0.907154836,0.101277596,5.118300174
-3.84632117,-4.200335578,2.051769799
-2.669137421,-0.914453998,-3.370658815
8.370638285,6.042554409,9.720706848
3.135984395,1.348259039,1.727972509
1.419944763,1.994918303,0.988679854
-3.389478054,-0.426932821,-1.776076583
2.250741013,2.568072118,4.971211615
3.719082495,3.538613825,4.117542382
4.02111779,5.675176727,3.591512909
4.76847889,3.837791757,4.685283849
2.175627172,-0.629206369,4.352615182
-2.269253618,-2.014619772,-0.598421764
-0.837204163,1.301422768,-0.873280365
9.931128496,5.388529304,6.373674223
-3.968212937,-3.716957091,-7.22115468
1.916711754,3.422703886,3.685059242
1.478099838,2.048546208,8.406713837
1.184321607,1.08505803,8.022426253
-0.549816144,-1.180014149,-3.853239106
-5.333967138,-2.373828275,-5.169084822
-1.745041831,-1.64402007,-3.477394124
5.67038562,5.000130648,4.252782049
-0.042896279,2.756642344,2.054392076
0.565642609,-0.042524145,0.225124288
7.646374877,5.097165066,9.719027856
-2.102744774,-1.726521451,-3.760117649
5.205193257,4.370779524,-0.638148062
-0.793549693,0.499383919,-1.733637162
7.187367049,4.805206641,5.449131403
5.083255032,3.184722658,3.804627699
-4.337939392,-5.397469991,-5.573673426
4.590342123,2.768418781,4.10745898
-5.8769944,-3.413513395,10.18479772
-0.921467402,1.165679033,3.933689699
0.028628088,-1.258814336,-1.05627298
-2.822834053,-3.701543396,-2.886213294
4.897521675,3.42556532,5.6556676
-3.376353921,-3.536937674,-5.269789331
1.647317262,1.122879683,0.992067216
-2.140257758,0.944767597,-3.732014313
4.897243597,3.904913132,9.058646676
11.26979938,5.444498927,5.234862566
7.198128976,6.212823871,8.111316453
8.229561624,4.994173459,9.038035616
0.236390161,1.131656114,0.569767086
-0.368024974,-0.369600831,6.479542995
1.057539802,-1.454538748,5.560522953
0.851195075,-0.555232531,3.911008745
-1.993170002,-1.257837124,-2.520407424
1.525760954,0.796297116,0.623518581
-2.806237066,-1.626288391,-2.323898611
2.507874898,1.363636709,1.278216617
-1.513286027,0.041939959,8.919690797
-3.518249938,-2.715695858,-2.802761107
8.677778169,6.663992163,9.209727614
3.744221188,4.822917081,5.690068678
1.895444921,1.313608257,3.84854518
6.834881625,5.070849453,8.598881007
0.466995272,1.102759509,5.864299465
2.879748747,2.412394973,6.384525529
2.289464708,0.69739647,5.317289289
1.562672759,1.273814602,-1.381386909
6.482629498,6.63270572,-2.382905237
1.919118236,0.032208435,1.500913917
1.119501694,-1.688342123,2.323802145
3.706387676,2.489782614,0.935630933
-0.244012679,1.598455898,1.014289006
4.030939002,2.863696982,0.753999347
0.294694139,2.035576164,1.928851338
12.9398584,6.215338414,13.11357764
-3.080365157,-4.62069048,4.501996123
-0.315291537,0.531032991,-2.066307107
-10.60930272,-6.657646397,-5.716899694
-3.343344253,-2.327358132,-6.340020119
3.880932429,2.69134133,7.025193298
9.639916218,5.865009524,11.892017
1.539190016,1.065567931,0.5367743
8.690237921,6.811027448,10.13927002
-2.127592065,-1.881728475,-6.239485029
0.275052219,1.46151009,1.986702013
0.872496385,1.956975259,3.873171311
-0.986957242,-1.309667238,0.152532495
3.558450596,2.708431238,0.707554665
3.237173767,1.556154041,0.616012155
3.304920207,2.103467511,6.468134223
-0.332221746,-0.055672254,5.887908347
1.603567878,-0.891484397,-1.048344816
8.832559441,7.182255626,13.61450045
1.903423425,0.575887955,6.620842663
3.650021341,1.901926466,4.923922223
3.429483131,-0.118565855,5.768213579
5.400108174,5.667468435,9.542466087
3.321296419,1.858043328,1.397067718
6.479884539,2.919114684,-3.450252807
-2.403610199,-0.474089946,1.52939059
7.933367119,6.623739478,8.221198985
6.168099029,4.378212727,1.14316411
3.621110704,4.109927683,0.90875384
-1.997359034,-1.284310897,-0.289960254
1.669232044,3.147622777,0.121703249
-8.274419175,-5.420676069,-7.350945619
0.158445088,1.588347347,3.267941403
6.29374717,5.686914622,2.584953638
1.604230415,1.487220592,2.290378527
0.738991642,1.402826604,-1.105869845
-12.27354397,-5.790295423,-12.31523082
-0.457595259,-1.688897088,1.780272722
-3.036543556,0.103235337,-1.777902706
2.387157305,3.176577608,2.04452341
2.197685129,0.64516919,4.139182542
-1.641092778,0.496129114,2.778531719
6.464937876,2.047779375,11.92912798
-3.518512113,-2.153654063,-8.883025055
2.37715186,2.673475428,5.520180997
-2.521999969,-2.072334174,-4.145966991
3.663227637,0.558525872,2.642311265
2.875220309,1.898097859,3.346710211
-5.839003643,-1.876159557,-1.041600699
-7.030816545,-5.818612975,-4.04908361
-3.206663759,-1.812888143,2.896179909
2.82629699,2.554719707,1.71609441
5.49770618,1.503351471,14.24690037
8.443043613,6.352003155,10.28814316
0.811864468,1.566749705,0.948557993
1.615876296,-0.394202321,-0.544689829
2.209937586,0.071456261,-0.827537776
-1.696990622,0.806133796,0.13141197
2.161610138,3.234115471,3.894845998
-2.227339178,-2.221651612,5.911987542
1.120084061,1.487164207,3.287345633
-7.3273745,-5.173472116,-0.475996887
-0.854889032,-0.967221023,2.306934546
1.126653244,1.991310679,1.113868383
4.86047107,4.974090624,1.723966895
6.695283858,6.831754612,7.915099267
2.796854902,4.167028954,4.057743312
7.156588994,7.092389199,5.362867387
-0.621586198,-1.111771328,-0.626587553
2.798222865,3.395802853,7.924626935
3.101594261,3.237610143,0.541380582
2.559546718,3.309968015,2.795877671
4.452445015,4.128409833,13.85510557
5.46055848,3.076174906,5.665086809
3.175018094,2.235677406,5.709279353
2.186067916,0.511706346,1.194957345
2.763940259,2.430994717,2.180408713
-1.378919323,0.130524072,-1.179828519
-2.140928516,-4.305566483,-5.732347984
2.519464189,4.284866089,2.408347186
0.525025789,1.118325619,-0.007675314
-1.796906192,-0.905084587,2.899539266
-1.056127753,-0.310761005,1.028574017
0.105465796,-0.410972842,-3.146255487
-0.966040528,-2.64975945,-1.428267095
-1.76874511,-1.2380544,-0.994958581
-1.915724096,-0.405079456,-0.306005519
-2.725013283,0.01807881,-6.695868932
11.3844356,7.403977066,21.70396372
3.545695834,2.798974755,5.577940026
-4.476321574,-3.639774668,1.209233177
5.596320683,2.254173228,1.322180722
3.30656252,2.377266602,6.302101624
-1.340386629,-0.553358662,-0.275404329
0.442551064,0.739838532,1.760384359
-2.018150672,-2.621610583,-6.174887334
-2.234481569,-2.910182321,3.734892584
4.991337684,3.925691803,6.259514166
2.303171225,0.090520693,0.259085725
-0.254917767,0.805290204,4.923375715
2.874151869,1.451659413,3.347421264
-2.246423941,-1.64340289,0.736260327
3.091282117,4.172219654,12.94518051
-5.177097872,-2.807546691,-6.477744908
-0.140095014,0.431281237,-3.812661956
3.076529125,2.697588202,4.709400866
-6.891896422,-4.695367965,-4.205299524
0.01297431,1.057194888,-0.682356541
0.361321752,0.675628237,2.855025635
-6.521360268,-5.093197225,1.433893824
6.929920853,6.348256752,8.794130639
6.575092403,5.118080619,-0.585762752
-0.419946062,0.34923948,0.140015422
1.778742337,2.397137032,-0.48702407
-1.547400586,-2.029579263,3.315352863
-2.629779849,-3.496998502,0.784563613
6.249681147,4.999518,5.653476675
8.126374582,5.590257924,9.387436007
-4.187584869,-3.299587945,-1.18515965
7.143173252,5.204257275,5.768167205
1.852765434,3.017219976,-0.990433734
-2.372758573,-2.613881215,0.256224426
-4.177619036,-2.590392567,-2.902728156
1.668636248,2.017985198,2.416161534
-4.338051715,-2.421884851,-1.063033324
1.273847789,2.271768794,4.006082166
1.202439384,3.267219497,-2.842823123
-1.699636068,-0.161854542,1.357024781
-6.333920263,-4.941688419,-1.667753261
-2.954498201,-1.766955267,-2.197543552
0.503340931,0.798278363,-0.000820456
5.124892265,2.033607901,7.743779569
7.877294161,3.808625043,6.142615792
7.094777601,7.271825659,5.523958696
4.18373257,3.226881585,4.413995075
-0.711746475,-1.501182164,6.638321988
0.776432364,1.120158407,2.779855892
-8.441910266,-2.921347312,-6.589103612
0.02157865,0.792323433,0.510730371
6.677232116,5.823170979,2.43774426
-0.279304171,0.73078256,0.438056332
3.643574173,1.851480738,-0.672746579
-4.993302842,-3.907954506,-3.740622114
1.903816647,3.774299241,-1.113753992
-0.396484085,0.615712573,4.211955941
-2.315875163,-1.794260534,-5.552535767
0.35129802,1.778778023,0.390675947
3.852498022,2.079138527,4.752005614
-0.562150775,0.265708036,0.014045226
-5.869017055,-3.684693637,-5.842248375
4.218121081,2.618900941,-0.277377274
-1.516337404,0.673634708,-3.042782964
-6.921382086,-4.154847599,-8.275855446
2.274473676,1.805893434,3.296848192
-2.593088571,-1.361780722,-8.452978053
-5.404190128,-4.476286354,0.260055088
-0.476251756,0.992153381,-0.866019529
2.438862295,3.737915638,7.336582333
4.060695603,1.643839702,3.646540701
-1.431838917,-2.441274592,0.47187762
-3.441297228,-3.159080935,-3.836883596
2.336311194,2.490164276,7.322042201
4.269476703,1.087728403,3.793716884
5.954836432,4.081349946,9.483475594
5.444151643,4.963955986,4.975351078
10.57467689,8.535498759,8.009257885
5.535312675,4.870920016,4.001763972
6.196429718,4.566433922,5.087434461
-4.807599537,-2.562560417,-3.661591641
-5.053422941,-2.400808372,-4.271179541
-2.405102603,-1.719931705,-3.035253615
-1.424105931,0.061968211,-1.645041438
3.260080903,3.515552117,0.596136872
2.949789983,2.392529774,-1.143484806
2.512805665,2.720451405,2.010067846
4.207755049,2.486355524,0.522037145
2.903176314,2.73499485,4.67817527
-0.341295154,0.663859868,-3.54767428
7.624293567,4.221567428,6.316727465
0.285667014,-0.68307624,-0.479100832
-0.078977598,0.838483756,1.821966027
1.879667365,4.108473807,0.59031493
4.923645713,4.294068119,3.327254645
-2.014510699,-0.520256336,2.75950835
-3.626052989,-2.198474793,-3.485939702
-3.676899485,-0.7467217,-1.056980297
3.384480131,3.99901365,3.427910288
-1.15096891,0.102183165,0.248469794
-3.622593967,-1.353477607,-5.340267339
-1.692001903,1.379389907,4.983392137
0.389047823,0.884836143,3.940543488
3.40460954,3.215641043,3.120366687
9.041146693,4.678472325,8.679843188
1.41665888,1.668932634,-0.268878917
-2.637931316,-1.038358961,-4.409241064
-0.178994514,0.24661979,5.734175316
-3.546592166,-3.397950965,-4.308163644
4.948845244,2.376057801,3.096706325
4.808280881,2.307712763,2.615429374
2.532254812,3.04182549,8.999660391
3.739489808,0.773391631,3.35495327
-1.373430051,0.523892665,-6.548226396
-2.934594853,-1.268645833,-3.387586981
0.791505407,2.113339006,-1.421352084
0.489950571,0.787847605,-2.812352351
-2.639249483,-1.392527068,-0.031884759
5.903944919,3.642854262,3.533382338
5.888397354,4.028964133,6.142063857
-5.943335336,-3.42885034,-3.841680978
-3.812363059,-1.469868697,-3.323216603
-0.008021481,0.119198033,0.654623123
2.458187379,0.533492652,3.250554221
0.676238877,0.795914396,4.583470803
2.990155953,3.879518349,1.123549395
4.844386952,3.281977335,0.029969212
1.232595788,3.311702799,-0.257935726
-0.950871802,-2.977059452,-3.544135641
-7.068238961,-4.291311685,-4.973131562
2.991795151,3.326096444,-5.539065944
6.932153152,6.531253415,0.906676272
-1.662709688,-1.743128325,2.858732785
0.863951765,1.931745183,0.021601304
4.300378122,3.889308049,1.763591575
-5.140210139,-4.075976407,-3.344424348
5.218353703,5.119699945,5.233535231
-2.65140785,-1.048902175,-2.258480125
-1.118267665,0.839342279,-5.367743677
4.446647486,4.865742797,6.11673078
4.711147066,4.248182901,9.411092032
-3.351983344,-4.742472681,-4.392868962
3.610495422,2.251144391,2.222041952
-0.949856274,0.478023262,0.772992904
0.313208106,3.570850296,3.195043772
-2.896135409,-0.71573986,-0.974726816
4.958435443,2.95944523,-0.28133982
2.466972304,2.662941706,-4.356391167
4.663453267,3.121824897,4.891375528
2.246015044,1.452216066,-1.540955843
7.085615543,4.39836462,6.540084668
5.318248865,2.596074842,9.418823439
-4.879118413,0.390387489,1.642424762
4.336367532,2.646368631,11.46774683
11.53297934,8.52484794,7.152992233
-6.644408937,-4.157940372,-4.125828172
-1.48647029,-2.433518023,-1.74995813
-3.31204282,-4.630049663,-6.46240835
6.963609914,7.15379354,8.027605394
0.879966342,-0.595965477,2.804812048
-4.666741461,-3.873143155,-4.618760209
-6.525727447,-5.145131361,-1.477404238
-2.357239213,-3.190525768,-4.356173567
7.11193343,6.344621507,8.823686894
-2.575298589,-2.098114824,-1.685326091
6.178872229,6.000159491,7.228642507
10.82641121,7.321226588,12.17310314
0.323989361,0.452686313,0.578437316
5.710558766,5.894862721,4.460928425
-5.543603731,-2.342046458,5.981714942
-0.477897407,-0.597792548,1.5971692
1.870700023,0.581088053,1.295273755
11.81564383,7.941306575,12.26583338
-1.565950824,0.675468504,5.454335718
0.714820683,-0.720599097,0.687941859
-7.180121209,-5.711446665,-6.606655268
-5.216832229,-2.602075087,-4.255281975
6.306743068,5.114094316,6.390602183
2.657989856,0.073122319,-0.599637229
8.478275452,7.109433559,5.7506262
4.742489321,4.249355462,4.197385688
-2.899512128,-0.968070912,-3.027574961
-2.445939868,-1.5612119,1.325518573
4.81729166,5.502597168,8.592257067
-2.881003758,-2.765132146,0.640142682
3.108448285,2.212281005,5.356541059
8.160758022,4.677010547,4.748733538
1.489995026,0.396381111,6.12676401
1.345146998,-0.919170417,-2.282819667
-3.267912664,-1.729255547,-4.004394205
-10.30669481,-5.990531389,-6.762097786
-4.116918832,-1.842167477,-5.937782146
8.040599033,8.292480671,12.63938371
4.581796194,4.713780237,1.069228719
2.368480075,1.626441868,10.99550681
10.34546423,7.301692518,11.95179465
1.017673893,0.6412894,2.160793675
1.752260429,2.989493576,1.101474936
-6.705110988,-4.482149029,-1.850546887
-5.594552505,-0.598024308,2.828398848
-0.957769357,-2.400987445,-2.002643518
-2.482321914,-1.80598795,-3.073365189
2.480568578,2.421076764,1.148470621
1.869720479,0.677935927,5.222915402
1.94820405,1.259095248,2.736612104
-1.925944668,-3.234109713,-8.143478483
1.605952313,0.406002696,3.026211247
6.616831449,6.552777969,12.81044445
0.441378727,0.96765598,-0.587761248
2.751485971,1.28341418,3.608083201
6.568367606,5.282458169,8.75775485
-0.128185745,0.164314402,-1.515398529
13.1434213,9.287307036,10.54383615
5.304381896,2.151934018,6.031820002
1.427594352,-0.91117272,11.11311999
3.897912712,3.576988363,-1.596967731
-0.655258663,0.579261116,9.159145867
-0.551464908,-0.701151677,-3.361657818
-0.727356625,0.991464191,0.500105444
3.362076689,2.888038163,2.881893417
-0.372908416,1.742395042,1.985853806
-0.539151221,-0.595855218,-0.394246257
-0.334816021,0.466880799,-1.514021764
-4.966640052,-4.400570369,-3.567092551
4.473897998,3.471313776,5.992330503
-0.405387308,-1.059107642,-0.661250006
-0.029916953,0.987907015,0.453708716
-6.567429034,-4.950495856,-3.684715435
10.46740524,7.946747604,4.932879859
0.310791554,0.827621517,-2.181609793
1.429519816,1.559805673,2.810128486
-4.167469882,-2.434573113,-1.632997931
-0.041991507,0.161880742,-0.841928379
4.737968417,4.38529392,2.350247943
1.177758787,2.722843631,4.646063625
-4.219356384,-2.453956673,-3.814618726
-2.216402058,-0.403594309,-0.041254923
3.80182755,3.946870986,8.912207807
1.24326075,0.678537848,-1.522927087
-0.04609529,-0.288598817,2.452634052
-0.876040038,1.128840477,5.867214427
-0.273870264,2.305106793,3.908877834
7.47692497,8.337105083,7.424038444
0.701807984,1.473227443,2.351698782
-3.562144432,-1.014584543,-2.350634522
4.565037374,2.637354572,5.743151516
-1.231169223,-0.849867766,-1.190111274
5.908288767,3.309172642,1.32525023
7.129657619,6.119392418,1.941695763
4.050029167,1.822099151,8.144264636
-5.666652365,-3.281026736,-3.702548475
9.448324957,4.868535326,5.600032209
-1.469408777,-2.179757017,-1.707524151
-1.918293085,1.563074583,2.930190723
-3.930176944,-3.38176529,-2.277838798
0.297273883,-1.998436003,-2.66658535
3.525825739,4.277669753,9.024882388
2.362073489,3.227710674,-0.979381974
1.889076097,0.411572131,-2.597664084
2.82955081,2.461010971,2.915895411
2.174835976,1.025332054,5.792891413
3.628487227,1.306525288,7.753337301
-4.602886556,-1.631245044,10.40755139
0.773912494,0.635181454,1.559869163
0.553106379,-0.086897691,4.017421862
0.328866317,0.261659926,-0.688417935
-0.658482276,0.684879288,-2.378889313
-4.007229864,-2.790963578,-1.498947094
3.367726857,1.990404712,3.111192084
4.987619615,4.508404216,-4.306149631
-6.751157494,-5.092198505,2.479365301
-6.551468955,-3.311898381,-3.852245428
-2.697165784,-2.055275087,0.481203333
-0.455456972,-0.560149266,-2.71591244
1.55210131,1.197815966,5.978087103
2.285137575,2.159718005,0.44105127
0.850147428,0.078382185,4.996173342
2.331686305,2.762939182,6.361166298
2.675688501,3.563532265,5.185378112
-1.154097286,0.029399032,-2.554690074
2.0292718,2.653557171,4.59270562
-7.293769868,-4.871510368,-9.320130476
1.941786292,3.635691696,0.475545137
-2.672347621,-0.903536712,-6.427854145
3.525624556,6.175546643,3.080677397
2.131478623,2.220499762,6.438158024
10.95827423,5.763410721,10.0484791
0.128753793,0.421005167,-2.276242467
-7.057432881,-3.478211337,-3.147581689
-0.263348877,-0.181637159,3.539523165
2.726495052,3.295268194,2.388695881
-4.058962931,-3.302552691,-2.810557922
-1.384620076,-0.116695928,-2.703773792
9.105025241,7.92691254,10.71590897
4.733426387,2.684545602,7.570525508
3.456291997,2.251534555,0.359801913
3.577762726,2.073389039,5.20513664
6.333411579,4.851091207,5.531955713
12.69450214,8.571656328,12.08701579
2.386000065,1.240913708,-2.275763109
4.426910065,4.952044346,10.42973957
-4.349007412,-2.166358288,-4.865995326
6.47066303,4.407922735,9.95110153
0.415762088,2.30171592,0.741104542
3.288418696,4.074976666,3.302261921
3.534510071,3.211089861,5.013572535
-1.608221574,-2.562616499,-5.883574303
4.757556484,3.719065823,4.729496588
-0.342940459,1.080839511,-1.030799286
4.147744379,3.200331514,5.741195738
4.349177839,3.120958697,2.201510708
6.593247467,3.357101632,8.158362097
5.530356968,2.862888217,5.541179384
-4.745276053,-3.242295932,-1.758173195
7.158265775,6.496662586,10.93466796
-2.005539508,-0.177112207,2.795194482
-0.806128592,0.35130775,-1.66321828
-1.03389802,-1.610777417,-3.453349455
-3.102316558,-2.062505649,-1.089760082
-3.043494145,-2.235078027,-2.321478159
-1.523189096,-2.770833341,-2.778279942
0.624972973,0.663169835,0.372835116
-0.673622888,-0.195028732,1.340792366
1.267725421,3.07950002,-0.872857549
-4.553340429,-2.96497142,-6.977970103
-0.295631929,0.542089443,-1.021725386
10.33957476,7.772655873,5.258008187
0.78521973,1.657891335,3.237642011
-1.531291743,-1.589951313,-7.551772728
-5.781275798,-4.729397043,-2.80843404
1.994088182,1.833384343,1.166273735
-3.041427637,-1.603660721,-2.137673241
-6.215067039,-4.255821502,-7.333409689
2.94709551,2.682146316,5.869781818
-1.688953221,0.591947693,-0.453185184
0.496376854,0.137867954,10.73151447
-1.799887588,1.578068701,-1.464083424
2.067235183,0.953033192,10.12550669
1.195993314,0.1962531,0.195645566
-10.98186163,-4.595261648,-12.30879563
2.7178116,2.028220197,0.702280492
-3.339095463,-0.977710591,1.927063793
-0.922760506,-1.475824089,-1.24934526
0.596844231,1.011168446,0.834704471
7.234213777,4.573297444,4.784405402
-0.085748178,-0.407748667,-1.272916495
1.077872865,1.902261645,0.629855239
6.417698034,4.931759563,7.894713521
3.841265435,3.607127463,4.124218451
0.279103179,-2.591993449,-0.141783954
4.336385248,3.914879673,1.912652853
-0.838708329,1.151650024,-2.69436174
1.151030792,1.568812098,-0.89655982
-1.560339506,-0.54157801,-1.591195843
-8.09853072,-4.40939996,-3.978294476
-0.093140415,1.22222995,5.142346697
0.231694837,1.370563855,-2.048651736
3.825733839,2.335327359,12.05818534
0.080756038,-0.575902939,-1.882675651
3.510400208,2.263784663,3.045540523
2.163453702,1.689539612,3.49153153
2.581792899,4.01093278,3.414823286
1.399116921,2.004109002,3.169293679
-2.784165789,-1.677761733,-3.072778465
-0.680584851,-0.446395908,-2.471862075
-0.239439693,-1.053703371,6.22487194
-4.881210517,-3.09627817,-6.273357148
4.149312617,5.024075272,2.698955211
-0.580659552,-1.815821746,6.062681166
10.23866941,8.228394883,16.83313229
-5.053678938,-3.421935989,-5.344093335
7.459856191,5.793620426,9.122868706
3.405134031,3.643278182,-5.392703326
4.610631541,4.28881546,6.266889064
0.914978371,1.122555059,-0.169381359
-1.217202184,-0.426917163,-0.646020417
-0.182859778,0.851957165,-0.834149267
-2.630960154,-1.194154169,-1.182455366
4.287774857,3.788247789,6.389941507
-3.153458687,-1.939025669,-0.447197897
4.308203074,2.760952613,3.002072227
-3.699632518,-2.06704338,-1.167656391
2.075782843,0.335317858,-0.952898972
4.662620968,5.643438442,9.474310811
7.467283084,7.185851084,5.89576349
-2.937356986,-3.499539831,0.911157704
-0.833961347,-1.297709003,-1.058837873
6.296638257,5.315051899,7.356341363
-1.823985489,-0.641607826,3.762110719
4.674915616,2.674143407,4.336779785
4.384389253,3.953729067,4.75688664
0.676229236,1.803769766,-0.252028991
6.884800483,5.902093973,4.0798882
2.871476679,2.230406565,1.455484643
-2.198956444,-0.848106881,-2.928769732
7.003435925,4.367377294,4.611941643
-3.556310229,-0.992376343,-6.689942503
0.674286106,2.41902617,7.442458382
1.760681222,2.39583695,7.491442869
-0.925181746,-0.875900665,2.539165373
6.465328819,5.699046543,7.435131635
-3.84237234,-3.056325001,0.971755416
-4.742882626,-3.039636001,-3.885177625
-0.935646224,1.202642964,-2.554161788
0.877025376,1.642275496,-1.083420222
-5.308743435,-5.071649169,-6.138195891
-0.290833488,0.656747122,-0.637514929
-0.413553348,0.89577496,0.803016739
2.508892444,1.887379235,7.949459974
4.392749155,3.597060447,1.026674263
1.597488906,0.20056018,-3.309429416
0.747411498,-0.349454808,0.279315098
-6.35169156,-2.633222895,0.425831501
6.42855076,5.081374968,6.993525063
-1.226084793,-2.068168581,1.145919231
-1.929761626,0.669280562,0.088339018
2.851006943,1.278909018,2.966771602
2.771334571,2.359647258,1.239798271
2.559408406,3.821151926,2.869696107
4.565060596,5.063340787,2.726589827
